{
    "permissionDenied": "ماعندك صلاحيات ع البوت ياهطف كلم حاتم",
    "notInVocal" : "انت خش روم عشان اشغلك اغاني قبل تتشرط",
    "noArgsSongSearch" : " طيب اكتب شي ولا تبي اشغل لك بالنية؟",
    "nothingPlaying": " تم تم طفيت",
    "noSongsQueued": " مافي شي باللسته",
    "cantLoop": " حط اغنية قبل تفعل التكرار",
    "badUrl": " الرابط معطوب يالطيب",
    "errorJoin": " لازم تكون مشغل اغاني اول",
    "noVolume": " حدد الصوت من 0.1 لين 10",
    "nothingPlayingVolume": " لازم تكون مشغل شي عشان تشغل اغير الصوت",
    "toMuchArgsVolume": " ياخي حط رقم اقدر استوعبه",
    "volumeToHigh": " الصوت ماينفع يكون اكثر من 10",
    "noNumber": " تراك ماكتبت اي رقم",
    "earrapeFail": " في شي صار بس مدري وش",
    "startedPlaying": " '**SONG_TITLE**' ابشر شغلت لك ",
    "songAddedToQueue": " '**SONG_TITLE**' ولايهمك ضفت الاغنية باللستة",
    "musicStopped": " طيب وقفتها خلاص",
    "musicSkipped": " طيب سكبت الاغنية لاتعصب",
    "loopOn": ":repeat_one: **التكرار شغال**",
    "loopOff": ":repeat_one: **خلاص قفلت التكرار**",
    "joinMsg": " جيتك الروم لاتسحبني لو سمحت",
    "volumeChanged": " غيرت الصوت لـ VOLUME",
    "startEarrape" : " غيرت الصوت لعيونك ___**EARRAPE**___ :ear: :headstone:",
    "endEarrape" : " الصوت رجع طبيعي",
    "musicsQueued": ":musical_note: **Musics queued** :musical_note: :",
    "earrapeWarning": "⚠ Are you sure ? It can severely damage the hearing of all people in the channel !\nPress the  reaction to continue",
        "missingInviteLink": "You need to provide an invite link!",
        "invalidInviteLink": "The invite link you provided is invalid.",
        "guildNotFound": "The guild associated with the invite link was not found.",
        "botAlreadyInGuild": "The bot is already in the guild.",
        "errorJoining": "An error occurred while joining the server. Please try again later.",
        "errorFetchingInvite": "An error occurred while fetching the invite. Please try again later.",
        "unknownGuild": "The guild associated with the invite link is unknown.",
        "missingPermissions": "The bot does not have sufficient permissions to join the server.",
        "captchaChallenge": "The server requires CAPTCHA verification for bot joining. Please try again later.",
        "noPermission": "لا تمتلك الصلاحية لتغيير صورة البوت.",
        "noAttachment": "الرجاء إرفاق صورة لتغيير صورة البوت.",
        "avatarChanged": "تم تغيير صورة البوت بنجاح.",
        "errorChangingAvatar": "حدث خطأ أثناء تغيير صورة البوت. الرجاء المحاولة مرة أخرى لاحقًا.",
        "notInGuild": "لا يمكن استخدام هذا الأمر في الرسائل الخاصة.",
        "noPermission1": "لا تمتلك الصلاحية لتغيير اسم البوت.",
        "noUsername": "الرجاء تقديم اسم جديد لتغيير اسم البوت.",
        "usernameChanged": "تم تغيير اسم البوت بنجاح.",
        "errorChangingUsername": "حدث خطأ أثناء تغيير اسم البوت. الرجاء المحاولة مرة أخرى لاحقًا.",
    "passwordPrompt": "الرجاء إدخال كلمة المرور لتغيير اسم البوت.",
    "passwordTimeout": "لقد انتهى الوقت المحدد لإدخال كلمة المرور. يرجى المحاولة مرة أخرى.",
    "invalidUsername": "الايوزر مستخدم",
        "notInGuild2": "لا يمكن استخدام هذا الأمر في الرسائل الخاصة.",
        "noPermission2": "لا تمتلك الصلاحية لتغيير اسم العرض للبوت.",
        "noNickname": "الرجاء تقديم اسم جديد لتغيير اسم العرض للبوت.",
        "nicknameChanged": "تم تغيير اسم العرض للبوت بنجاح.",
        "errorChangingNickname": "حدث خطأ أثناء تغيير اسم العرض للبوت. الرجاء المحاولة مرة أخرى لاحقًا.",
        "noPresence": "الرجاء تقديم وضع جديد لتغيير وضع الوصول للبوت.",
        "presenceChanged": "تم تغيير وضع الوصول للبوت بنجاح.",
            "notInVocal1": "يجب أن تكون في الروم لاستخدام هذا الأمر.",
            "noVideoLink": "ارسل رابط الفيديو .",
            "errorStreaming": "حدث خطأ أثناء بث الفيديو. الرجاء المحاولة مرة أخرى لاحقًا.",
            "streamingStarted": "جاري بث الفيديو في  الروم.",        
        "errorHelp": "حدث خطأ أثناء عرض الأوامر. الرجاء المحاولة مرة أخرى لاحقًا.",
            "errorStop": "An error occurred while trying to stop the music. Please try again later.",
            "errorSkipping": "An error occurred while skipping the music. Please try again later.",        
        "errorChangingPresence": "حدث خطأ أثناء تغيير وضع الوصول للبوت. الرجاء المحاولة مرة أخرى لاحقًا.",
        "helpm": "# الاوامر الخاصة بالبوت\n**ava, avatar, تغييرالصورة\njoin, p, تعال\nloop, l, تكرار\nchangename, usern, تغييرالاسم\nchangenickname, name, تغييرالاسم\nplay, p, ش, شغل\nqueue, q\nhelp, مساعدة\nskip, s, سكب, س\nstop, st, وقف\nvolume, v**"
    }